{"_step":6,"_timestamp":1.7669293597734234e+09,"_wandb":{"runtime":169},"train/grad_norm":1.046875,"train/num_tokens":363203,"train_samples_per_second":5.808,"train_loss":2.996673447745187,"train/entropy":2.951310133934021,"train/global_step":63,"train_runtime":172.1744,"train/mean_token_accuracy":0.456109844148159,"train_steps_per_second":0.366,"train/learning_rate":1.26984126984127e-06,"train/epoch":1,"train/loss":3.0292,"total_flos":8.97709977043968e+14,"_runtime":169}