{"_wandb":{"runtime":171},"train/num_tokens":363203,"train/grad_norm":1.09375,"total_flos":8.97709977043968e+14,"_timestamp":1.7669286405816145e+09,"train/learning_rate":1.26984126984127e-06,"train_samples_per_second":5.728,"train_runtime":174.5908,"train/mean_token_accuracy":0.4591097965836525,"train_steps_per_second":0.361,"_runtime":171,"_step":6,"train/entropy":2.954645884037018,"train_loss":2.9958881347898454,"train/epoch":1,"train/global_step":63,"train/loss":3.0288}